photo_id,username,No_of_likes
145,Zack_Kemmer93,48
127,Malinda_Streich,43
182,Adelle96,43
123,Seth46,42
30,Presley_McClure,41
52,Annalise.McKenzie16,41
61,Delpha.Kihn,41
147,Meggie_Doyle,41
174,Elenor88,41
192,Kathryn80,41
256,Javonte83,41
13,Harley_Lind18,40
97,Irwin.Larson,40
153,Aurelie71,40
161,Cesar93,40
244,Damon35,40
44,Alexandro35,39
62,Kenneth64,39
66,Eveline95,39
100,Yvette.Gottlieb91,39
107,Yazmin_Mills95,39
110,Kelsi26,39
118,Janet.Armstrong,39
119,Janet.Armstrong,39
144,Zack_Kemmer93,39
180,Florence99,39
199,Donald.Fritsch,39
201,Donald.Fritsch,39
205,Colten.Harris76,39
227,Rick29,39
3,Kenton_Kirlin,38
4,Kenton_Kirlin,38
7,Andre_Purdy85,38
23,Tabitha_Schamberger11,38
37,Justina.Gaylord27,38
41,Dereck65,38
63,Eveline95,38
69,Eveline95,38
81,Dario77,38
150,Aurelie71,38
155,Aurelie71,38
162,Cesar93,38
169,Jayson65,38
183,Adelle96,38
196,Jaylan.Lakin,38
197,Donald.Fritsch,38
210,Aracely.Johnston98,38
16,Arely_Bogan63,37
40,Dereck65,37
42,Alexandro35,37
43,Alexandro35,37
49,Billy52,37
57,Norbert_Carroll35,37
59,Hailee26,37
71,Eveline95,37
87,Jaime53,37
120,Seth46,37
133,Granville_Kutch,37
178,Florence99,37
198,Donald.Fritsch,37
203,Colten.Harris76,37
212,Alysa22,37
225,Rick29,37
230,Clint27,37
241,Frederik_Rice,37
248,Keenan.Schamberger60,37
2,Kenton_Kirlin,36
17,Travon.Waters,36
21,Travon.Waters,36
25,Tabitha_Schamberger11,36
28,Gus93,36
53,Annalise.McKenzie16,36
56,Norbert_Carroll35,36
58,Odessa2,36
85,Jaime53,36
90,Jaime53,36
101,Yvette.Gottlieb91,36
106,Lennie_Hartmann40,36
113,Maya.Farrell,36
116,Janet.Armstrong,36
166,Cesar93,36
171,Ressie_Stanton46,36
177,Florence99,36
186,Emilio_Bernier52,36
189,Karley_Bosco,36
190,Erick5,36
211,Alysa22,36
222,Delfina_VonRueden68,36
257,Javonte83,36
14,Arely_Bogan63,35
19,Travon.Waters,35
20,Travon.Waters,35
24,Tabitha_Schamberger11,35
36,Justina.Gaylord27,35
48,Billy52,35
55,Norbert_Carroll35,35
67,Eveline95,35
77,Josianne.Friesen,35
80,Darwin29,35
82,Dario77,35
84,Dario77,35
103,Yvette.Gottlieb91,35
112,Maya.Farrell,35
117,Janet.Armstrong,35
126,Malinda_Streich,35
136,Gerard79,35
137,Mariano_Koch3,35
158,Cesar93,35
181,Adelle96,35
204,Colten.Harris76,35
206,Colten.Harris76,35
213,Milford_Gleichner42,35
232,Clint27,35
234,Clint27,35
243,Willie_Leuschke,35
15,Arely_Bogan63,34
39,Dereck65,34
45,Alexandro35,34
46,Alexandro35,34
64,Eveline95,34
68,Eveline95,34
70,Eveline95,34
74,Eveline95,34
78,Josianne.Friesen,34
79,Josianne.Friesen,34
86,Jaime53,34
91,Jaime53,34
94,Kaley9,34
98,Irwin.Larson,34
99,Irwin.Larson,34
102,Yvette.Gottlieb91,34
121,Seth46,34
124,Malinda_Streich,34
128,Harrison.Beatty50,34
134,Gerard79,34
138,Mariano_Koch3,34
141,Mariano_Koch3,34
149,Aurelie71,34
154,Aurelie71,34
170,Ressie_Stanton46,34
173,Elenor88,34
200,Donald.Fritsch,34
209,Aracely.Johnston98,34
217,Delfina_VonRueden68,34
221,Delfina_VonRueden68,34
231,Clint27,34
233,Clint27,34
235,Clint27,34
249,Keenan.Schamberger60,34
252,Imani_Nicolas17,34
11,Harley_Lind18,33
29,Gus93,33
32,Presley_McClure,33
65,Eveline95,33
72,Eveline95,33
75,Josianne.Friesen,33
88,Jaime53,33
105,Lennie_Hartmann40,33
109,Jordyn.Jacobson2,33
111,Rafael.Hickle2,33
122,Seth46,33
125,Malinda_Streich,33
140,Mariano_Koch3,33
146,Zack_Kemmer93,33
148,Peter.Stehr0,33
152,Aurelie71,33
157,Cesar93,33
163,Cesar93,33
176,Florence99,33
185,Adelle96,33
220,Delfina_VonRueden68,33
226,Rick29,33
242,Willie_Leuschke,33
245,Nicole71,33
255,Alek_Watsica,33
34,Justina.Gaylord27,32
35,Justina.Gaylord27,32
60,Hailee26,32
76,Josianne.Friesen,32
89,Jaime53,32
96,Irwin.Larson,32
114,Maya.Farrell,32
142,Zack_Kemmer93,32
151,Aurelie71,32
164,Cesar93,32
168,Sam52,32
172,Elenor88,32
218,Delfina_VonRueden68,32
219,Delfina_VonRueden68,32
229,Clint27,32
237,Clint27,32
253,Alek_Watsica,32
5,Kenton_Kirlin,31
6,Andre_Purdy85,31
9,Andre_Purdy85,31
18,Travon.Waters,31
27,Gus93,31
31,Presley_McClure,31
38,Dereck65,31
54,Annalise.McKenzie16,31
73,Eveline95,31
83,Dario77,31
93,Kaley9,31
104,Yvette.Gottlieb91,31
115,Janet.Armstrong,31
156,Aurelie71,31
159,Cesar93,31
160,Cesar93,31
167,Sam52,31
187,Emilio_Bernier52,31
191,Kathryn80,31
202,Donald.Fritsch,31
207,Colten.Harris76,31
224,Rick29,31
228,Clint27,31
239,Frederik_Rice,31
246,Nicole71,31
250,Tomas.Beatty93,31
254,Alek_Watsica,31
10,Harley_Lind18,30
26,Gus93,30
47,Billy52,30
132,Harrison.Beatty50,30
143,Zack_Kemmer93,30
179,Florence99,30
184,Adelle96,30
188,Emilio_Bernier52,30
193,Kathryn80,30
216,Delfina_VonRueden68,30
236,Clint27,30
240,Frederik_Rice,30
12,Harley_Lind18,29
33,Justina.Gaylord27,29
51,Annalise.McKenzie16,29
92,Jaime53,29
108,Jordyn.Jacobson2,29
129,Harrison.Beatty50,29
130,Harrison.Beatty50,29
131,Harrison.Beatty50,29
135,Gerard79,29
165,Cesar93,29
194,Kathryn80,29
208,Katarina.Dibbert,29
214,Milford_Gleichner42,29
215,Delfina_VonRueden68,29
22,Tabitha_Schamberger11,28
95,Aiyana_Hoeger,28
175,Elenor88,28
247,Keenan.Schamberger60,28
251,Tomas.Beatty93,28
8,Andre_Purdy85,27
50,Billy52,27
139,Mariano_Koch3,27
238,Clint27,27
195,Kathryn80,26
1,Kenton_Kirlin,25
223,Delfina_VonRueden68,25
